RTP LANE NUMBER,,,,1,,2,,3,,4,,5,,6,,7,,8,,9,,10,,11,,12,,13,,14,,15,,16,,17,,18,,19,,20,,21,,22,,,
,,,,RTP.SYN 1.1,,SYN.2,,SYN.3,,SYN.4,,SYN.5,,SYN.6,,GUEST.1,,SEQ.1,,CTRL.1,,B.CLK.1,,B.CLK.2,,DRUM.1,,B.CLK.3,,EDIT.1,,MISC.FX 1,,CTRL.2,,CTRL.3,,CTRL 4,,CTRL.5,,CTRL.6,,CTRL.7,,GUEST.2,,,
,,,,1,,7,,5,,0,,6,,7,,0,,12,,16,,0,,0,,9,,16,,16,,2,,16,,16,,16,,16,,16,,16,,0,,,
MioXL MAC PRO,,,,,,,,,,,,,,,,,,,,,,,,,,,,,,,,,,,,,,,,,,,,,,,,,
,MIDI CHANNELS,Direction,,RTPSYN.1.1,,SYN 2,,SYN 3,,SYN 4,,SYN 5,,SYN 6,,GUEST.1,,MP.SEQ.1,,MP.CTRL.1,,B.CLK.1,,B.CLK.2,,RTP.DRUM 1,,B.CLK.3,,EDIT.1,,MISC.FX 1,,CTRL.2,,CTRL.3,,CTRL 4,,CTRL.5,,CTRL.6,,CTRL.7,,GUEST.2,,,
RTP GROUP,,,,1,,2,,3,,4,,5,,6,,7,,8,,9,,10,,11,,12,,13,,14,,15,,16,,17,,18,,19,,20,,21,,22,,,
DAW USB PORT,,,,1,,2,,3,,4,,5,,6,,7,,8,,,,9,,10,,11,,12,,13,,14,,,,,,,,,,,,,,15,16,,
Initiator,,,,TRUE,,TRUE,,TRUE,,FALSE,,TRUE,,TRUE,,TRUE,,TRUE,,TRUE,,TRUE,,TRUE,,FALSE,,TRUE,,FALSE,,TRUE,,FALSE,,FALSE,,FALSE,,FALSE,,FALSE,,FALSE,,TRUE,,,
bonjour,,,,,,,,,,,,,,,,,,,,,,,,,,,,,,,,,,,,,,,,,,,,,,,,,
,1,→,,,,,,,x,Keystep 1 drum,,,,,,,,,,,,,,,,,,,,,,,,,,,,,,,,,,,,,,,
,2,,,,,,,,x,Keystep 2 cv,,,,,,,,,,,,,,,,,,,,,,,,,,,,,,,,,,,,,,,
,3,,,,,,,,,Cheetah MS6,,,,,,,,,,,,,,,,,,,,,,,,,,,,,,,,,,,,,,,
,4,,,,,,,,x,3rd Wave,,,,,,,,,,,,,,,,,,,,,,,,,,,,,,,,,,,,,,,
,5,,,,,,,,,MKS80,,,,,,,,,,,,,,,,,,,,,,,,,,,,,,,,,,,,,,,
,6,,,,,,,, ,D550,,,,,,,,,,,,,,,,,,,,,,,,,,,,,,,,,,,,,,,
,7,,,,,,,,,Matrix1000w,,,,,,,,,,,,,,,,,,,,,,,,,,,,,,,,,,,,,,,
,8,,,,,,,,,TX816,,,,,,,,,,,,,,,,,,,,,,,,,,,,,,,,,,,,,,,
,9,,,,,,,,,TX816,,,,,,,,,,,,,,,,,,,,,,,,,,,,,,,,,,,,,,,
,10,,,,,,,,,TX816,,,,,,,,,,,,,,,,,,,,,,,,,,,,,,,,,,,,,,,
,11,,,,,,,,,TX816,,,,,,,,,,,,,,,,,,,,,,,,,,,,,,,,,,,,,,,
,12,,,,,,,,,TX816,,,,,,,,,,,,,,,,,,,,,,,,,,,,,,,,,,,,,,,
,13,,,,,,,, ,TX816,,,,,,,,,,,,,,,,,,,,,,,,,,,,,,,,,,,,,,,
,14,,,,,,,,,TX817,,,,,,,,,,,,,,,,,,,,,,,,,,,,,,,,,,,,,,,
,15,,,,,,,,,TX818,,,,,,,,,,,,,,,,,,,,,,,,,,,,,,,,,,,,,,,
,16,,,,,,,,x,Prophet xl,,,,,,,,,,,,,,,,,,,,,,,,,,,,,,,,,,,,,,,
Clock sources,,,,,,,,,,,,,,,,,,,,,,X,,X,,,,X,,,,,,,,,,,,,,,,,,,,,
,,,,,,,,,,,,,,,,,,,,,,,,,,,,,,,,,,,,,,,,,,,,,,,,,
,,,,,,,,,,,,,,,,,,,,,,,,,,,,,,,,,,,,,,,,,,,,,,,,,
,,,,,,,,,,,,,,,,,,,,,,,,,,,,,,,,,,,,,,,,,,,,,,,,,
Clock Destinations,,,,,,,,,,,,,,,,,,,,,,,,,,,,,,,,,,,,,,,,,,,,,,,,,
,,,,,,,,,,,,,,,,,,,,,,,,,,,,,,,,,,,,,,,,,,,,,,,,,
,,,,,,,,,,,,,,,,,,,,,,,,,,,,,,,,,,,,,,,,,,,,,,,,,
,,,,,,,,,,,,,,,,,,,,,,,,,,,,,,,,,,,,,,,,,,,,,,,,,
,,,,,,,,,,,,,,,,,,,,,,,,,,,,,,,,,,,,,,,,,,,,,,,,,
,,,,,,,,,,,,,,,,,,,,,,,,,,,,,,,,,,,,,,,,,,,,,,,,,
,,,,,,,,,,,,,,,,,,,,,,,,,,,,,,,,,,,,,,,,,,,,,,,,,
MioXL KB E,,,,,,,,,,,,,,,,,,,,,,,,,,,,,,,,,,,,,,,,,,,,,,,,,macpro
,MIDI CHANNELS,Direction,,RTP.SYN 1.1,,SYN 2,,SYN 3,,SYN 4,,SYN 5,,SYN 6,,GUEST.1,,KB.SEQ.1,,KB.E.CTRL.1.B,,B.CLK.1,,B.CLK.2,,RTP.DRUM.1,,B.CLK.3,,EDIT.1,,MISC.FX 1,,KB.E.CTRL.2.B,,KB.E.CTRL.3.B,,KB.E.CTRL.4.B,,KB.E.CTRL.5.B,,KB.E.CTRL.6.B,,KB.E.CTRL.7.B,,KB.E.GUEST,,,aux
RTP GROUP,,,,1,,2,,3,,4,,5,,6,,7,,8,,9,,10,,11,,12,,13,,14,,15,,16,,17,,18,,19,,20,,21,,22,,,mpc
DAW USB PORT,,,,,,,,,,,,,,,,,,,,,,,,,,,,,,,,,,,,,,,,,,,,,,,,,cirk
Initiator,,,,FALSE,,FALSE,,FALSE,,FALSE,,FALSE,,FALSE,,FALSE,,FALSE,,TRUE,,FALSE,,FALSE,,FALSE,,FALSE,,FALSE,,FALSE,,TRUE,,TRUE,,TRUE,,TRUE,,TRUE,,TRUE,,FALSE,,,cr w 
bonjour,,,,,,,,,,,,,,,,,,,,BONJOUR,,,,,,,,,,,,,,BONJOUR,,BONJOUR,,BONJOUR,,BONJOUR,,BONJOUR,,BONJOUR,,BONJOUR,,,kb.e
,1,→,,Jupiter 8,,Squid 1,,,,,,,,,,,,Squid CV-1,,P5 Rev3,,,,,,,,,,,,,,Jupiter 8 (Sysex),,,,,,,,,,,,,,,key island
,2,,,OBX8,,Squid 2,,,,,,,,,,,,Squid CV-2,,,,,,,,,,,,,,,,,,OBX8,,,,,,,,,,,,,
,3,,,P5 rev2,,P5 Rev3,,,,,,,,,,,,Xox,,,,,,,,,,,,,,,,,,,,P5 rev2,,,,,,,,,,,
,4,,,Jupiter 6,,Xpander Zone1,,,,,,,,,,,,TD3,,,,,,,,,,,,,,,,,,,,,,Jupiter 6,,,,,,,,,
,5,,,Korg 770,,Xpander Zone2,,,,,,,,,,,,,,,,,,,,,,,,,,,,,,,,,,,,,,,,,,,
,6,,,Pro One,,Xpander Zone3,,,,,,,,,,,,,,,,,,,,,,,,,,,,,,,,,,,,,,,,,,,
,7,,,SH-2,,,,,,,,,,,,,,,,,,,,,,,,,,,,,,,,,,,,,,,,,,,,,
,8,,,Mono/Poly,,,,,,,,,,,,,,,,,,,,,,,,,,,,,,,,,,,,,,,,,,,,,
,9,,,Odyssey MK3,,,,,,,,,,,,,,,,,,,,,,,,,,,,,,,,,,,,,,,,,,,,,
,10,,,SH101,,LUMA,,,,,,,,,,,,,,,,,,,,,,,,,,,,,,,,,,,,,,,,,,,
,11,,,MS-20,,SQ64 / DDRUM,,,,,,,,,,,,,,,,,,,,,,,,,,,,,,,,,,,,,,,,,,,
,12,,,,,LM-2,,,,,,,,,,,,,,,,,,,,,,,,,,,,,,,,,,,,,,,,,,,
,13,,,Jupiter 4 ,,DRM-1,,,,,,,,,,,,,,,,,,,,,,,,,,,,,,,,,,,,Jupiter 4 ,,,,,,,
,14,,,PS-3300,,Oberheim DX,,,,,,,,,,,,,,,,,,,,,,,,,,,,,,,,,,,,,,,,,,,
,15,,,Memorymoog,,TR-909,,,,,,,,,,,,,,,,,,,,,,,,,,,,,,,,,,,,,,Memorymoog,,,,,
,16,,,PS3100,,DrumTrax,,,,,,,,,,,,,,,,,,,,,,,,,,,,,,,,,,,,,,,,HAKKEN,,,
,GLOBAL ,,,,,,,,,,,,,,,,,,,,,X,,X,,,,X,,,,,,,,,,,,,,,,,,,,,
Clock sources,,,,,,,,,,,,,,,,,,,,,,,,,,,,,,,,,,,,,,,,,,,,,,,,,
JLC MLB-2,,,,,,,,,,,,,,,,,,,,,,,,,,,,,,,,,,,,,,,,,,,,,,,,,
SQUID KB.SEQ.1 ,,,,,,,,,,,,,,,,,,,,,,,,,,,,,,,,,,,,,,,,,,,,,,,,,
ERM INTERCLOCK 1,,,,,,,,,,,,,,,,,,,,,,,,,,,,,,,,,,,,,,,,,,,,,,,,,
ERM INTERCLOCK 2,,,,,,,,,,,,,,,,,,,,,,,,,,,,,,,,,,,,,,,,,,,,,,,,,
ERM INTERCLOCK 3,,,,,,,,,,,,,,,,,,,,,,,,,,,,,,,,,,,,,,,,,,,,,,,,,
ERM INTERCLOCK 4,,,,,,,,,,,,,,,,,,,,,,,,,,,,,,,,,,,,,,,,,,,,,,,,,macstudio
SYNC-GEN 3 RX,,,,,,,,,,,,,,,,,,,,,,,,,,,,,,,,,,,,,,,,,,,,,,,,,
,,,,,,,,,,,,,,,,,,,,,,,,,,,,,,,,,,,,,,,,,,,,,,,,,
Clock Destinations,,,,,,,,,,,,,,,,,,,,,,,,,,,,,,,,,,,,,,,,,,,,,,,,,
SYNC-GEN 3 RX,,,,,,,,,,,,,,,,,,,,,,,,,,,,,,,,,,,,,,,,,,,,,,,,,
,,,,,,,,,,,,,,,,,,,,,,,,,,,,,,,,,,,,,,,,,,,,,,,,,
ERM INPUT,,,,,,,,,,,,,,,,,,,,,,,,,,,,,,,,,,,,,,,,,,,,,,,,,
MOBIUS,,,,,,,,,,,,,,,,,,,,,,,,,,,,,,,,,,,,,,,,,,,,,,,,,
,,,,,,,,,,,,,,,,,,,,,,,,,,,,,,,,,,,,,,,,,,,,,,,,,
,,,,,,,,,,,,,,,,,,,,,,,,,,,,,,,,,,,,,,,,,,,,,,,,,
MioXL KB ISLAND,,,,,,,,,,,,,,,,,,,,,,,,,,,,,,,,,,,,,,,,,,,,,,,,,
,MIDI CHANNELS,Direction,,SYN 1,,SYN 2,,SYN 3,,SYN 4,,SYN 5,,SYN 6 ,,GUEST.1,,SEQ.1,,KB.I.CTRL.1.B,,B.CLK.1,,B.CLK.2,,DRUM 1,,B.CLK.3,,EDIT.1,,MISC.FX 1,,CTRL.2,,CTRL.3,,CTRL 4,,CTRL.5,,CTRL.6,,CTRL.7,,GUEST.2,,,
RTP GROUP,,,,1,,2,,3,,4,,5,,6,,7,,8,,9,,10,,11,,12,,13,,14,,15,,16,,17,,18,,19,,20,,21,,22,,,
DAW USB PORT,,,,,,,,,,,,,,,,,,,,,,,,,,,,,,,,,,,,,,,,,,,,,,,,,
Initiator,,,,FALSE,,FALSE,,FALSE,,FALSE,,FALSE,,FALSE,,FALSE,,FALSE,,TRUE,,FALSE,,FALSE,,FALSE,,FALSE,,FALSE,,FALSE,,FALSE,,FALSE,,FALSE,,FALSE,,FALSE,,FALSE,,FALSE,,,
bonjour,,,,,,,,,,,,,,,,,,,,BONJOUR,,,,,,,,,,,,,,,,,,,,,,,,,,,,,
,,,,,,,,,,,,,,,,,,,,,,,,,,,,,,,,,,,,,,,,,,,,,,,,,
,1,→,,,,,,Model D,,,,,,,,,,,,,,,,,,,,,,,,,,,,,,,,,,,,,,,,,
,2,,,,,,,Prophet VS,,,,,,,,,,,,,,,,,,,,,,,,,,,,,,,,,,,,,,,,,
,3,,,,,,,Arp Solus #1,,,,,,,,,,,,,,,,,,,,,,,,,,,,,,,,,,,,,,,,,
,4,,,,,,,Arp Solus #2,,,,,,,,,,,,,,,,,,,,,,,,,,,,,,,,,,,,,,,,,
,5,,,,,,,TVS-1,,,,,,,,,,,,,,,,,,,,,,,,,,,,,,,,,,,,,,,,,
,6,,,,,,,Guest CV/G8,,,,,,,,,,,,,,,,,,,,,,,,,,,,,,,,,,,,,,,,,
,7,,,,,,,Wavestation,,,,,,,,,,,,,,,,,,,,,,,,,,,,,,,,,,,,,,,,,
,8,,,,,,,,,,,,,,,,,,,,,,,,,,,,,,,,,,,,,,,,,,,,,,,,
,9,,,,,,,K2000R,,,,,,,,,,,,,,,,,,,,,,,,,,,,,,,,,,,,,,,,,
,10,,,,,,,Mirage,,,,,,,,,,,,,,,,,,,,,,,,,,,,,,,,,,,,,,,,,
,11,,,,,,,,,,,,,,,,,,,,,,,,,,,,,,,,,,,,,,,,,,,,,,,,
,12,,,,,,,K5000R,,,,,,,,,,,,,,,,,,,,,,,,,,,,,,,,,,,,,,,,,
,13,,,,,,,S612,,,,,,,,,,,,,,,,,,,,,,,,,,,,,,,,,,,,,,,,,
,14,,,,,,,OPSIX,,,,,,,,,,,,OPSIX,,,,,,,,,,,,,,,,,,,,,,,,,,,,,
,15,,,,,,,,,,,,,,,,,,,,,,,,,,,,,,,,,,,,,,,,,,,,,,,,
,16,,,,,,,Piano WGS-122,,,,,,,,,,,,,,,,,,,,,,,,,,,,,,,,,,,,,,,,,
,GLOBAL ,,,,,,,,,,,,,,,,,,,,,X,,X,,,,X,,,,,,,,,,,,,,,,,,,,,
Clock sources,,,,,,,,,,,,,,,,,,,,,,,,,,,,,,,,,,,,,,,,,,,,,,,,,
,,,,,,,,,,,,,,,,,,,,,,,,,,,,,,,,,,,,,,,,,,,,,,,,,
,,,,,,,,,,,,,,,,,,,,,,,,,,,,,,,,,,,,,,,,,,,,,,,,,
,,,,,,,,,,,,,,,,,,,,,,,,,,,,,,,,,,,,,,,,,,,,,,,,,
Clock Destinations,,,,,,,,,,,,,,,,,,,,,,,,,,,,,,,,,,,,,,,,,,,,,,,,,
,,,,,,,,,,,,,,,,,,,,,,,,,,,,,,,,,,,,,,,,,,,,,,,,,
,,,,,,,,,,,,,,,,,,,,,,,,,,,,,,,,,,,,,,,,,,,,,,,,,
,,,,,,,,,,,,,,,,,,,,,,,,,,,,,,,,,,,,,,,,,,,,,,,,,
,,,,,,,,,,,,,,,,,,,,,,,,,,,,,,,,,,,,,,,,,,,,,,,,,
,,,,,,,,,,,,,,,,,,,,,,,,,,,,,,,,,,,,,,,,,,,,,,,,,
,,,,,,,,,,,,,,,,,,,,,,,,,,,,,,,,,,,,,,,,,,,,,,,,,
MioXL - CIRKLON MKII ,,,,,,,,,,,,,,,,,,,,,,,,,,,,,,,,,,,,,,,,,,,,,,,,,
,MIDI CHANNELS,Direction,,SYN 1,,SYN 2,,SYN 3,,SYN 4,,SYN 5,,SYN 6,,GUEST.1,,CIRK.SEQ.1.B,,CIRK.CTRL.1.B,,B.CLK.1,,B.CLK.2,,DRUM.1,,B.CLK.3,,EDIT.1,,MISC.FX 1,,CTRL.2,,CTRL.3,,CTRL 4,,CTRL.5,,CTRL.6,,CTRL.7,,GUEST.2,,,
RTP GROUP,,,,1,,2,,3,,4,,5,,6,,7,,8,,9,,10,,11,,12,,13,,14,,15,,16,,17,,18,,19,,20,,21,,22,,,
DAW USB PORT,,,,,,,,,,,,,,,,,,,,,,,,,,,,,,,,,,,,,,,,,,,,,,,,,
Initiator,,,,FALSE,,FALSE,,FALSE,,FALSE,,FALSE,,FALSE,,FALSE,,FALSE,,TRUE,,FALSE,,FALSE,,FALSE,,FALSE,,FALSE,,FALSE,,FALSE,,FALSE,,FALSE,,FALSE,,FALSE,,FALSE,,FALSE,,,
bonjour,,,,,,,,,,,,,,,,,,BONJOUR,,BONJOUR,,,,,,,,,,,,,,,,,,,,,,,,,,,,,
,,,,,,,,,,,,,,,,,,,,,,,,,,,,,,,,,,,,,,,,,,,,,,,,,
,1,→,,,,,,,,,,Synthex,,,,,,,,Synthex,,,,,,,,,,,,,,,,,,,,,,,,,,,,,
,2,,,,,,,,,,,5U,,,,,,,,,,,,,,,,,,,,,,,,,,,,,,,,,,,,,
,3,,,,,,,,,,,Arp 2600,,,,,,,,,,,,,,,,,,,,,,,,,,,,,,,,,,,,,
,4,,,,,,,,,,,MPU Guest,,,,,,,,,,,,,,,,,,,,,,,,,,,,,,,,,,,,,
,5,,,,,,,,,,,MPU Guest,,,,,,,,,,,,,,,,,,,,,,,,,,,,,,,,,,,,,
,6,,,,,,,,,,,Kil CV-1,,,,,,,,,,,,,,,,,,,,,,,,,,,,,,,,,,,,,
,7,,,,,,,,,,,Kil CV-2,,,,,,,,,,,,,,,,,,,,,,,,,,,,,,,,,,,,,
,8,,,,,,,,,,,Kil Trigs 1-4,,,,,,,,,,,,,,,,,,,,,,,,,,,,,,,,,,,,,
,9,,,,,,,,,,,,,,,,,,,,,,,,,,,,,,,,,,,,,,,,,,,,,,,,
,10,,,,,,,,,,,,,,,,,,,,,,,,,,,,,,,,,,,,,,,,,,,,,,,,
,11,,,,,,,,,,,,,,,,,,,,,,,,,,,,,,,,,,,,,,,,,,,,,,,,
,12,,,,,,,,,,,uMIDI. Guest,,,,,,,,,,,,,,,,,,,,,,,,,,,,,,,,,,,,,
,13,,,,,,,,,,,System 35,,,,,,,,,,,,,,,,,,,,,,,,,,,,,,,,,,,,,
,14,,,,,,,,,,,,,,,,,,,,,,,,,,,,,,,,,,,,,,,,,,,,,,,,
,15,,,,,,,,,,,Fenix IV,,,,,,,,,,,,,,,,,,,,,,,,,,,,,,,,,,,,,
,16,,,,,,,,,,,,,,,,,,,,,,,,,,,,,,,,,,,,,,,,,,,,,,,,
Clock sources,,,,,,,,,,,,,,,,,,,,,,X,,X,,,,X,,,,,,,,,,,,,,,,,,,,,
Kilpatrick K1600,,,,,,,,,,,,,,,,,,,,,,,,,,,,,,,,,,,,,,,,,,,,,,,,,
Cirkclon MK II ,,,,,,,,,,,,,,,,,,,,,,,,,,,,,,,,,,,,,,,,,,,,,,,,,
,,,,,,,,,,,,,,,,,,,,,,,,,,,,,,,,,,,,,,,,,,,,,,,,,
Clock Destinations,,,,,,,,,,,,,,,,,,,,,,,,,,,,,,,,,,,,,,,,,,,,,,,,,
,,,,,,,,,,,,,,,,,,,,,,,,,,,,,,,,,,,,,,,,,,,,,,,,,
,,,,,,,,,,,,,,,,,,,,,,,,,,,,,,,,,,,,,,,,,,,,,,,,,
,,,,,,,,,,,,,,,,,,,,,,,,,,,,,,,,,,,,,,,,,,,,,,,,,
MioXM - MPC XL,,,,,,,,,,,,,,,,,,,,,,,,,,,,,,,,,,,,,,,,,,,,,,,,,
,MIDI CHANNELS,Direction,,SYN.1.MPC,,SYN.2.MPC,,SYN.3.MPC,,SYN.4.MPC,,SYN.5.MPC,,SYN.6.MPC,,GUEST.1.MPC,,SEQ.1.MPC,,CTRL.1.MPC,,MISC.FX.1.MPC,,OLD GUEST.2.MPC,,BEATCCLOCK,,,,,,,,,,,,,,,,,,,,,,,
RTP GROUP,,,,1,,2,,3,,4,,,,6,,7,,,,,,8,,9,,10,,,,,,,,,,,,,,,,,,,,12,,,
DAW USB PORT,,,,,,,,,,,,,,,,,,,,,,,,,,,,,,,,,,,,,,,,,,,,,,,,,
Initiator,,,,FALSE,,FALSE,,FALSE,,FALSE,,FALSE,,FALSE,,FALSE,,FALSE,,FALSE,,FALSE,,FALSE,,FALSE,,FALSE,,,,FALSE,,FALSE,,FALSE,,FALSE,,FALSE,,FALSE,,FALSE,,FALSE,,,
bonjour,,,,,,,,,,,,,,,,,,,,,,,,,,,,,,,,,,,,,,,,,,,,,,,,,
,,,,,,,,,,,,,,,,,,,,,,,,,,,,,,,,,,,,,,,,,,,,,,,,,
,1,→,,Jupiter 8,,squid 1,,model d,,keystep 1,,Synthex,,MPU 1 / S 100m,,KS port 3 - 1,,,,,,VP-9000 A,,uMIDI.G,,,,,,,,,,,,,,,,,,,,,,,,,
,2,,,OBX,,squid 2,,prophet vs,,keystep 2 ,,5U,,MPU 2 / S 101,,KS port 3 - 2,,,,,,VP-9000 B,,MPU.MS.1,,,,,,,,,,,,,,,,,,,,,,,,,
,3,,,P5 rev2,,prophet 5 r3,,solus 1,,MS6,,2600,,MPU 3 / S 102,,KS port 3 - 3,,,,,,VP-9000 C,,MPU.MS.2,,,,,,,,,,,,,,,,,,,,,,,,,
,4,,,Jupiter 6,,xpander 1,,solus 2,,3rd Wave,,MPU.MP.3,,MPU 4,,KS port 3 - 4,,,,,,VP-9000 D,,MPU.MS.3,,,,,,,,,,,,,,,,,,,,,,,,,
,5,,,770,,xpander 2,,tvs 1,,mkS80,,MPU.MP.4,,,,KS port 3 - 5,,,,,,VP-9000 E,,MPU.MS.4,,,,,,,,,,,,,,,,,,,,,,,,,
,6,,,pro one,,xpander 3,,mpu.ki 4,,d550,,Kil CV-1,,,,KS port 3 - 6,,,,,,VP-9000 F,,MS.DIN5.6,,,,,,,,,,,,,,,,,,,,,,,,,
,7,,,sh 2,,,,wavestation,,Matrix 1000w,,Kil CV-2,,M1000B2,,KS port 3 -7,,,,,,H3000SE,,MS.DIN5.7,,,,,,,,,,,,,,,,,,,,,,,,,
,8,,,mono/poly,,,,,,TX816,,Kil Trigs 1-4,,,,KS port 3 - 8,,,,,,Warp Factory,,MS.DIN6.b,,,,,,,,,,,,,,,,,,,,,,,,,
 ,9,,,odysset mk3,,,,k2000r,,TX816,,,,,,Usb A - Host - 9,,,,,,Digitech Vocalist ,,MS.USB.9,,,,,,,,,,,,,,,,,,,,,,,,,
,10,,,sh101,,LUMA,, ,,TX816,,,,,,Usb A - Host -10,,,,,,Korg DVP-1,,MS.USB.10,,,,,,,,,,,,,,,,,,,,,,,,,
,11,,,ms20,,SQ64 / DDRUM,,,,TX816,,,,Guest Drawer ,,Usb A - Host - 11,,,,,,DIGITECH 256,,MS.USB.11,,,,,,,,,,,,,,,,,,,,,,,,,
,12,,,encore cv/g 8,,Linndrum,,k5000r,,TX816,,uMIDI.MP,,Guest 2 Drawer,,Usb A - Host - 12,,,,,,SPX 900,,MS.USB.12,,,,,,,,,,,,,,,,,,,,,,,,,
,13,,,jupiter 4,,drm1,,S612,,TX816,,system 35,,VC-340,,Usb A - Host - 13,,,,,,PUBLISON IM90,,MS.USB.13,,,,,,,,,,,,,,,,,,,,,,,,,
,14,,,ps3300,,dx,,OPSIX,,TX816,,,,,,Usb A - Host - 14,,,,,,SBX-1,,MS.USB.14,,,,,,,,,,,,,,,,,,,,,,,,,
,15,,,memorymoog,,tr909,,,,TX816,,2600m,,P10 r4,,Usb A - Host - 15,,,,,,,,MS.USB.15,,,,,,,,,,,,,,,,,,,,,,,,,
,16,,,ps3100,,drumtrax,,,,prophet xl,,,,,,Usb A - Host - 16,,,,,,,,MS.USB.16,,,,,,,,,,,,,,,,,,,,,,,,,
Clock sources,,,,,,,,,,,,,,,,,,,,,,,,,,,,,,,,,,,,,,,,,,,,,,,,,
,,,,,,,,,,,,,,,,,,,,,,,,,,,,,,,,,,,,,,,,,,,,,,,,,
,,,,,,,,,,,,,,,,,,,,,,,,,,,,,,,,,,,,,,,,,,,,,,,,,
,,,,,,,,,,,,,,,,,,,,,,,,,,,,,,,,,,,,,,,,,,,,,,,,,
Clock Destinations,,,,,,,,,,,,,,,,,,,,,,,,,,,,,,,,,,,,,,,,,,,,,,,,,
,,,,,,,,,,,,,,,,,,,,,,,,,,,,,,,,,,,,,,,,,,,,,,,,,
,,,,,,,,,,,,,,,,,,,,,,,,,,,,,,,,,,,,,,,,,,,,,,,,,
,,,,,,,,,,,,,,,,,,,,,,,,,,,,,,,,,,,,,,,,,,,,,,,,,
,,,,,,,,,,,,,,,,,,,,,,,,,,,,,,,,,,,,,,,,,,,,,,,,,
,,,,,,,,,,,,,,,,,,,,,,,,,,,,,,,,,,,,,,,,,,,,,,,,,
,,,,,,,,,,,,,,,,,,,,,,,,,,,,,,,,,,,,,,,,,,,,,,,,,
,,,,,,,,,,,,,,,,,,,,,,,,,,,,,,,,,,,,,,,,,,,,,,,,,
MioXM - CR W DESK,,,,,,,,,,,,,,,,,,,,,,,,,,,,,,,,,,,,,,,,,,,,,,,,,
,MIDI CHANNELS,Direction,,SYN 1,,SYN 2,,SYN 3,,SYN 4,,SYN 5,,SYN 6,,GUEST.1,,SEQ.1,,CTRL.1,,B.CLK.1,,B.CLK.2,,DRUM 1,,B.CLK.3,,EDIT.1,,MISC.FX 1,,CTRL.2,,CTRL.3,,CTRL 4,,CTRL.5,,CTRL.6,,CTRL.7,,GUEST.2,,,
RTP GROUP,,,,1,,2,,3,,4,,5,,6,,7,,8,,9,,10,,11,,12,,13,,14,,15,,16,,17,,18,,19,,20,,21,,22,,,
DAW USB PORT,,,,,,,,,,,,,,,,,,,,,,,,,,,,,,,,,,,,,,,,,,,,,,,,,
Initiator,,,,FALSE,,FALSE,,FALSE,,FALSE,,FALSE,,FALSE,,FALSE,,FALSE,,TRUE,,FALSE,,FALSE,,FALSE,,FALSE,,FALSE,,FALSE,,FALSE,,FALSE,,FALSE,,FALSE,,FALSE,,FALSE,,FALSE,,,
bonjour,,,,,,,,,,,,,,,,,,,,BONJOUR,,,,,,,,,,,,,,,,,,,,,,,,,,,,,
,,,,,,,,,,,,,,,,,,,,,,,,,,,,,,,,,,,,,,,,,,,,,,,,,
,1,→,,,,,,,,,,,,MPU 1 / S 100m,,KS port 3 - 1,,,,,,,,,,,,,,,,VP-9000 A,,,,,,,,,,,,,,,,,
,2,,,,,,,,,,,,,MPU 2 / S 101,,KS port 3 - 2,,,,,,,,,,,,,,,,VP-9000 B,,,,,,,,,,,,,,,,,
,3,,,,,,,,,,,,,MPU 3 / S 102,,KS port 3 - 3,,,,,,,,,,,,,,,,VP-9000 C,,,,,,,,,,,,,,,,,
,4,,,,,,,,,,,,,MPU 4 ,,KS port 3 - 4,,,,,,,,,,,,,,,,VP-9000 D,,,,,,,,,,,,,,,,,
,5,,,,,,,,,,,,,,,KS port 3 - 5,,,,,,,,,,,,,,,,VP-9000 E,,,,,,,,,,,,,,,,,
,6,,,,,,,,,,,,,,,KS port 3 - 6,,,,,,,,,,,,,,,,VP-9000 F,,,,,,,,,,,,,,,,,
,7,,,,,,,,,,,,,M1000B2,,KS port 3 -7,,,,,,,,,,,,,,,,,,,,,,,,,,,,,,,,,
,8,,,,,,,,,,,,,,,KS port 3 - 8,,,,,,,,,,,,,,,,Warp Factory,,,,,,,,,,,,,,,,,
,9,,,,,,,,,,,,,,,Usb A - Host - 9,,,,,,,,,,,,,,,,Digitech Vocalist ,,,,,,,,,,,,,,,,,
,10,,,,,,,,,,,,,,,Usb A - Host -10,,,,,,,,,,,,,,,,Korg DVP-1,,,,,,,,,,,,,,,,,
,11,,,,,,,,,,,,,Guest Drawer ,,Usb A - Host - 11,,,,,,,,,,,,,,,,,,,,,,,,,,,,,,,,,
,12,,,,,,,,,,,,,Guest 2 Drawer,,Usb A - Host - 12,,,,,,,,,,,,,,,,,,,,,,,,,,,,,,,,,
,13,,,,,,,,,,,,,VC-340,,Usb A - Host - 13,,,,,,,,,,,,,,,,,,,,,,,,,,,,,,,,,
,14,,,,,,,,,,,,,,,Usb A - Host - 14,,,,,,,,,,,,,,,,SBX-1,,,,,,,,,,,,,,,,,
,15,,,,,,,,,,,,,P10 r4,,Usb A - Host - 15,,,,P10 r4,,,,,,,,,,,,,,,,,,,,,,,,,,,,,
,16,,,,,,,,,,,,,,,Usb A - Host - 16,,,,,,,,,,,,,,,,,,,,,,,,,,,,,,,,,
Clock sources,,,,,,,,,,,,,,,,,,,,,,X,,X,,,,X,,,,,,,,,,,,,,,,,,,,,
,,,,,,,,,,,,,,,,,,,,,,,,,,,,,,,,,,,,,,,,,,,,,,,,,
,,,,,,,,,,,,,,,,,,,,,,,,,,,,,,,,,,,,,,,,,,,,,,,,,
,,,,,,,,,,,,,,,,,,,,,,,,,,,,,,,,,,,,,,,,,,,,,,,,,
Clock Destinations,,,,,,,,,,,,,,,,,,,,,,,,,,,,,,,,,,,,,,,,,,,,,,,,,
,,,,,,,,,,,,,,,,,,,,,,,,,,,,,,,,,,,,,,,,,,,,,,,,,
,,,,,,,,,,,,,,,,,,,,,,,,,,,,,,,,,,,,,,,,,,,,,,,,,
,,,,,,,,,,,,,,,,,,,,,,,,,,,,,,,,,,,,,,,,,,,,,,,,,
,,,,,,,,,,,,,,,,,,,,,,,,,,,,,,,,,,,,,,,,,,,,,,,,,
,,,,,,,,,,,,,,,,,,,,,,,,,,,,,,,,,,,,,,,,,,,,,,,,,
,,,,,,,,,,,,,,,,,,,,,,,,,,,,,,,,,,,,,,,,,,,,,,,,,
MAC STUDIO,,,,,,,,,,,,,,,,,,,,,,,,,,,,,,,,,,,,,,,,,,,,,,,,,
,MIDI CHANNELS,Direction,,SYN 1,,SYN 2,,SYN 3,,SYN 4,,SYN 5,,SYN 6,,GUEST.1,,SEQ.1,,CTRL.1,,B.CLK.1,,B.CLK.2,,DRUM 1,,B.CLK.3,,EDIT.1,,RTP.MISC.FX.1,,CTRL.2,,CTRL.3,,CTRL 4,,CTRL.5,,CTRL.6,,CTRL.7,,GUEST.2,,,
RTP GROUP,,,,1,,2,,3,,4,,5,,6,,7,,8,,9,,10,,11,,12,,13,,14,,15,,16,,17,,18,,19,,20,,21,,22,,,
DAW USB PORT,,,,,,,,,,,,,,,,,,,,,,,,,,,,,,,,,,,,,,,,,,,,,,,,,
Initiator,,,,FALSE,,FALSE,,FALSE,,FALSE,,FALSE,,FALSE,,FALSE,,FALSE,,FALSE,,FALSE,,FALSE,,FALSE,,FALSE,,FALSE,,FALSE,,FALSE,,FALSE,,FALSE,,FALSE,,FALSE,,FALSE,,FALSE,,,
bonjour,,,,,,,,,,,,,,,,,,,,,,,,,,,,,,,,,,,,,,,,,,,,,,,,,
,,,,,,,,,,,,,,,,,,,,,,,,,,,,,,,,,,,,,,,,,,,,,,,,,
,,,,,,,,,,,,,,,,,,,,,,,,,,,,,,,,,,,,,,,,,,,,,,,,,
,1,→,,,,,,,,,,,,,,,,,,,,,,,,,,,,,,,,,,,,,,,,,,,,Wall Din 5 - 1,,,
,2,,,,,,,,,,,,,,,,,,,,,,,,,,,,,,,,,,,,,,,,,,,,,Wall Din 5 - 2,,,
,3,,,,,,,,,,,,,,,,,,,,,,,,,,,,,,,,,,,,,,,,,,,,,Wall Din 5 - 3,,,
,4,,,,,,,,,,,,,,,,,,,,,,,,,,,,,,,,,,,,,,,,,,,,,Wall Din 5 - 4,,,
,5,,,,,,,,,,,,,,,,,,,,,,,,,,,,,,,,,,,,,,,,,,,,,Wall Din 5 - 5,,,
,6,,,,,,,,,,,,,,,,,,,,,,,,,,,,,,,,,,,,,,,,,,,,,Wall Din 5 - 6,,,
,7,,,,,,,,,,,,,,,,,,,,,,,,,,,,,,,H3000SE,,,,,,,,,,,,,,Wall Din 5 - 7,,,
,8,,,,,,,,,,,,,,,,,,,,,,,,,,,,,,,,,,,,,,,,,,,,,Wall Din 5 - 8,,,
,9,,,,,,,,,,,,,,,,,,,,,,,,,,,,,,,,,,,,,,,,,,,,,Usb A - Host - 9,,,
,10,,,,,,,,,,,,,,,,,,,,,,,,,,,,,,,,,,,,,,,,,,,,,Usb A - Host - 10,,,
,11,,,,,,,,,,,,,,,,,,,,,,,,,,,,,,,DIGITECH 256,,,,,,,,,,,,,,Usb A - Host - 11,,,
,12,,,,,,,,,,,,,,,,,,,,,,,,,,,,,,,SPX 900,,,,,,,,,,,,,,Usb A - Host - 12,,,
,13,,,,,,,,,,,,,,,,,,,,,,,,,,,,,,,PUBLISON IM90,,,,,,,,,,,,,,Usb A - Host - 13,,,
,14,,,,,,,,,,,,,,,,,,,,,,,,,,,,,,,,,,,,,,,,,,,,,Usb A - Host - 14,,,
,15,,,,,,,,,,,,,,,,,,,,,,,,,,,,,,,,,,,,,,,,,,,,,Usb A - Host - 15,,,
,16,,,,,,,,,,,,,,,,,,,,,,,,,,,,,,,,,,,,,,,,,,,,,Usb A - Host - 16,,,
Clock sources,,,,,,,,,,,,,,,,,,,,,,,,,,,,,,,,,,,,,,,,,,,,,,,,,
,,,,,,,,,,,,,,,,,,,,,,,,,,,,,,,,,,,,,,,,,,,,,,,,,
,,,,,,,,,,,,,,,,,,,,,,,,,,,,,,,,,,,,,,,,,,,,,,,,,
,,,,,,,,,,,,,,,,,,,,,,,,,,,,,,,,,,,,,,,,,,,,,,,,,
Clock Destinations,,,,,,,,,,,,,,,,,,,,,,,,,,,,,,,,,,,,,,,,,,,,,,,,,
,,,,,,,,,,,,,,,,,,,,,,,,,,,,,,,,,,,,,,,,,,,,,,,,,
,,,,,,,,,,,,,,,,,,,,,,,,,,,,,,,,,,,,,,,,,,,,,,,,,
,,,,,,,,,,,,,,,,,,,,,,,,,,,,,,,,,,,,,,,,,,,,,,,,,
,,,,,,,,,,,,,,,,,,,,,,,,,,,,,,,,,,,,,,,,,,,,,,,,,
,,,,,,,,,,,,,,,,,,,,,,,,,,,,,,,,,,,,,,,,,,,,,,,,,
,,,,,,,,,,,,,,,,,,,,,,,,,,,,,,,,,,,,,,,,,,,,,,,,,
,,,,,,,,,,,,,,,,,,,,,,,,,,,,,,,,,,,,,,,,,,,,,,,,,
MioXM - AUX PRO,,,,,,,,,,,,,,,,,,,,,,,,,,,,,,,,,,,,,,,,,,,,,,,,,
,MIDI CHANNELS,Direction,,SYN 1,,SYN 2,,SYN 3,,SYN 4,,SYN 5,,SYN 6,,GUEST.1,,SEQ.1,,CTRL.1,,B.CLK.1,,B.CLK.2,,DRUM 1,,B.CLK.3,,EDIT.1,,MISC 1,,CTRL.2,,CTRL.3,,CTRL 4,,CTRL.5,,CTRL.6,,CTRL.7,,GUEST.2,,,
RTP GROUP,,,,1,,2,,3,,4,,5,,6,,7,,8,,9,,10,,11,,12,,,,,,,,,,,,,,,,,,,,,,,
DAW USB PORT,,,,,,,,,,,,,,,,,,,,,,,,,,,,,,,,,,,,,,,,,,,,,,,,,
Initiator,,,,FALSE,,FALSE,,FALSE,,FALSE,,FALSE,,FALSE,,FALSE,,FALSE,,FALSE,,FALSE,,FALSE,,FALSE,,FALSE,,FALSE,,FALSE,,FALSE,,FALSE,,FALSE,,FALSE,,FALSE,,FALSE,,FALSE,,,
bonjour,,,,,,,,,,,,,,,,,,,,,,,,,,,,,,,,,,,,,,,,,,,,,,,,,
,,,,,,,,,,,,,,,,,,,,,,,,,,,,,,,,,,,,,,,,,,,,,,,,,
,1,→,,,,,,,,,,,,,,,,,,,,,,,,,,,,,,,,,,,,,,,,,,,,,,,
,2,,,,,,,,,,,,,,,,,,,,,,,,,,,,,,,,,,,,,,,,,,,,,,,,
,3,,,,,,,,,,,,,,,,,,,,,,,,,,,,,,,,,,,,,,,,,,,,,,,,
,4,,,,,,,,,,,,,,,,,,,,,,,,,,,,,,,,,,,,,,,,,,,,,,,,
,5,,,,,,,,,,,,,,,,,,,,,,,,,,,,,,,,,,,,,,,,,,,,,,,,
,6,,,,,,,,,,,,,,,,,,,,,,,,,,,,,,,,,,,,,,,,,,,,,,,,
,7,,,,,,,,,,,,,,,,,,,,,,,,,,,,,,,,,,,,,,,,,,,,,,,,
,8,,,,,,,,,,,,,,,,,,,,,,,,,,,,,,,,,,,,,,,,,,,,,,,,
,9,,,,,,,,,,,,,,,,,,,,,,,,,,,,,,,,,,,,,,,,,,,,,,,,
,10,,,,,,,,,,,,,,,,,,,,,,,,,,,,,,,,,,,,,,,,,,,,,,,,
,11,,,,,,,,,,,,,,,,,,,,,,,,,,,,,,,,,,,,,,,,,,,,,,,,
,12,,,,,,,,,,,,,,,,,,,,,,,,,,,,,,,,,,,,,,,,,,,,,,,,
,13,,,,,,,,,,,,,,,,,,,,,,,,,,,,,,,,,,,,,,,,,,,,,,,,
,14,,,,,,,,,,,,,,,,,,,,,,,,,,,,,,,,,,,,,,,,,,,,,,,,
,15,,,,,,,,,,,,,,,,,,,,,,,,,,,,,,,,,,,,,,,,,,,,,,,,
,16,,,,,,,,,,,,,,,,,,,,,,,,,,,,,,,,,,,,,,,,,,,,,,,,
Clock Sources,,,,,,,,,,,,,,,,,,,,,,,,,,,,,,,,,,,,,,,,,,,,,,,,,
MIO AUX DISTRO > CIRK MIO > SYNC GEN,0,4 Ports,,,,,,,,,,,,,,,,,,,,,,,,,,,,,,,,,,,,,,,,,,,,,,,
JLC MLB-2,2,,,,,,,,,,,,,,,,,,,,,,,,,,,,,,,,,,,,,,,,,,,,,,,,
SQUID KB.SEQ.1 ,3,,,,,,,,,,,,,,,,,,,,,,,,,,,,,,,,,,,,,,,,,,,,,,,,
ERM 1,4,,,,,,,,,,,,,,,,,,,,,,,,,,,,,,,,,,,,,,,,,,,,,,,,
ERM 2,5,,,,,,,,,,,,,,,,,,,,,,,,,,,,,,,,,,,,,,,,,,,,,,,,
ERM 3,6,,,,,,,,,,,,,,,,,,,,,,,,,,,,,,,,,,,,,,,,,,,,,,,,
ERM 4,7,,,,,,,,,,,,,,,,,,,,,,,,,,,,,,,,,,,,,,,,,,,,,,,,
SYNC-GEN 3 RX,8,,,,,,,,,,,,,,,,,,,,,,,,,,,,,,,,,,,,,,,,,,,,,,,,
MPC ,9,,,,,,,,,,,,,,,,,,,,,,,,,,,,,,,,,,,,,,,,,,,,,,,,
CIRKLON  II,10,,,,,,,,,,,,,,,,,,,,,,,,,,,,,,,,,,,,,,,,,,,,,,,,
CR.W GUEST,11,,,,,,,,,,,,,,,,,,,,,,,,,,,,,,,,,,,,,,,,,,,,,,,,
MAC STUDIO GUEST,12,,,,,,,,,,,,,,,,,,,,,,,,,,,,,,,,,,,,,,,,,,,,,,,,
,,,,,,,,,,,,,,,,,,,,,,,,,,,,,,,,,,,,,,,,,,,,,,,,,
Clock Destinations,,,,,,,,,,,,,,,,,,,,,,,,,,,,,,,,,,,,,,,,,,,,,,,,,
MPC ,9,,,,,,,,,,,,,,,,,,,,,,,,,,,,,,,,,,,,,,,,,,,,,,,,
CIRKLON ,10,,,,,,,,,,,,,,,,,,,,,,,,,,,,,,,,,,,,,,,,,,,,,,,,
SYNC-GEN 3 RX,8,,,,,,,,,,,,,,,,,,,,,,,,,,,,,,,,,,,,,,,,,,,,,,,,
ERM INPUT,1,,,,,,,,,,,,,,,,,,,,,,,,,,,,,,,,,,,,,,,,,,,,,,,,
MOBIUS,2,,,,,,,,,,,,,,,,,,,,,,,,,,,,,,,,,,,,,,,,,,,,,,,,
MIO MACSTUDIO DIN 9 ,3,,,,,,,,,,,,,,,,,,,,,,,,,,,,,,,,,,,,,,,,,,,,,,,,
MIO MACSTUDIO DIN 10,4,,,,,,,,,,,,,,,,,,,,,,,,,,,,,,,,,,,,,,,,,,,,,,,,
MIO MACSTUDIO DIN 11,5,,,,,,,,,,,,,,,,,,,,,,,,,,,,,,,,,,,,,,,,,,,,,,,,
MIO MACSTUDIO DIN 12,6,,,,,,,,,,,,,,,,,,,,,,,,,,,,,,,,,,,,,,,,,,,,,,,,
MIO CR.W DIN 9,7,,,,,,,,,,,,,,,,,,,,,,,,,,,,,,,,,,,,,,,,,,,,,,,,
MIO CR.W DIN 10,11,,,,,,,,,,,,,,,,,,,,,,,,,,,,,,,,,,,,,,,,,,,,,,,,
MIO CR.W DIN 11,12,,,,,,,,,,,,,,,,,,,,,,,,,,,,,,,,,,,,,,,,,,,,,,,,
MIO CR.W DIN 12,13,,,,,,,,,,,,,,,,,,,,,,,,,,,,,,,,,,,,,,,,,,,,,,,,
,,,,,,,,,,,,,,,,,,,,,,,,,,,,,,,,,,,,,,,,,,,,,,,,,
,,,,,,,,,,,,,,,,,,,,,,,,,,,,,,,,,,,,,,,,,,,,,,,,,
,,,,,,,,,,,,,,,,,,,,,,,,,,,,,,,,,,,,,,,,,,,,,,,,,
,,,,,,,,,,,,,,,,,,,,,,,,,,,,,,,,,,,,,,,,,,,,,,,,,
,,,,,,,,,,,,,,,,,,,,,,,,,,,,,,,,,,,,,,,,,,,,,,,,,
,,,,,,,,,,,,,,,,,,,,,,,,,,,,,,,,,,,,,,,,,,,,,,,,,
,,,,,,,,,,,,,,,,,,,,,,,,,,,,,,,,,,,,,,,,,,,,,,,,,
,,,,,,,,,,,,,,,,,,,,,,,,,,,,,,,,,,,,,,,,,,,,,,,,,
,,,,,,,,,,,,,,,,,,,,,,,,,,,,,,,,,,,,,,,,,,,,,,,,,
,,,,,,,,,,,,,,,,,,,,,,,,,,,,,,,,,,,,,,,,,,,,,,,,,
,,,,,,,,,,,,,,,,,,,,,,,,,,,,,,,,,,,,,,,,,,,,,,,,,
,,,,,,,,,,,,,,,,,,,,,,,,,,,,,,,,,,,,,,,,,,,,,,,,,
,,,,,,,,,,,,,,,,,,,,,,,,,,,,,,,,,,,,,,,,,,,,,,,,,
,,,,,,,,,,,,,,,,,,,,,,,,,,,,,,,,,,,,,,,,,,,,,,,,,
,,,,,,,,,,,,,,,,,,,,,,,,,,,,,,,,,,,,,,,,,,,,,,,,,
,,,,,,,,,,,,,,,,,,,,,,,,,,,,,,,,,,,,,,,,,,,,,,,,,
,,,,,,,,,,,,,,,,,,,,,,,,,,,,,,,,,,,,,,,,,,,,,,,,,
,,,,,,,,,,,,,,,,,,,,,,,,,,,,,,,,,,,,,,,,,,,,,,,,,
,,,,,,,,,,,,,,,,,,,,,,,,,,,,,,,,,,,,,,,,,,,,,,,,,
,,,,,,,,,,,,,,,,,,,,,,,,,,,,,,,,,,,,,,,,,,,,,,,,,
,,,,,,,,,,,,,,,,,,,,,,bclk ,,,,,,,,,,,,,,,,,,,,,,,,,,,
,,,,,,,,,,,,,,,,,,,,,,jlcooper ,→,mac pro or aux distro,,,,,,,,,,,,,,,,,,,,,,,,,
,,,,,,,,,,,,,,,,,,,,,,mac pro,→,mpc x,,,,,,,,,,,,,,,,,,,,,,,,,
,,,,,,,,,,,,,,,,,,,,,,mac pro,→,cirklon mkii,,,,,,,,,,,,,,,,,,,,,,,,,